title,company,location,link
Python Developer,Shuup Commerce Inc,Remote,https://www.indeed.com/viewjob?jk=f9534ae0091f5310&from=web&vjs=3
Backend Python Engineer,Play Magnus,Remote,https://www.indeed.com/viewjob?jk=c27f1c0f6f92cb2c&from=web&vjs=3
Senior Python Developer,ShipHero,Remote,https://www.indeed.com/viewjob?jk=1ef36fc836615b49&from=web&vjs=3
Machine Learning Engineer,Double River Investments Limited,Remote,https://www.indeed.com/viewjob?jk=bb1cf2320fd7fc69&from=web&vjs=3
PYTHON DEVELOPER,Pythonwise,"Seattle, WA",https://www.indeed.com/viewjob?jk=1a20a1c56fb7df73&from=web&vjs=3
JUNIOR PYTHON DEVELOPER,Solutions Resource,"Bellevue, WA",https://www.indeed.com/viewjob?jk=ad2bbe549fe4881c&from=web&vjs=3
Python Developer,Nexient,"Ann Arbor, MI 48108+1 location•Remote",https://www.indeed.com/viewjob?jk=37b2d4933fb25f5f&from=web&vjs=3
Junior Python Developer,GTS,"New York, NY 10022 (Midtown area)",https://www.indeed.com/viewjob?jk=71acc67a281f6038&from=web&vjs=3
Junior Frontend Engineer,The Veloz Group,Remote,https://www.indeed.com/viewjob?jk=be8ebda8ac2ae04f&from=web&vjs=3
Python Software Engineering Teaching Assistant (Part-Time),Hackbright Academy,+2 locationsRemote,https://www.indeed.com/viewjob?jk=cc10e115d1ed386e&from=web&vjs=3
Python Developer,ESO,"Belcamp, MD",https://www.indeed.com/viewjob?jk=605b7c6764f51598&from=web&vjs=3
Python Developer,Go8IT,"Plainsboro, NJ",https://www.indeed.com/viewjob?jk=cb88227c76653ec9&from=web&vjs=3
Python Engineer,Outside Online,"Boulder, CO",https://www.indeed.com/viewjob?jk=896f0683f822304e&from=web&vjs=3
Python Developer,Highbrow-Tech,"Bellevue, WA+1 location",https://www.indeed.com/viewjob?jk=70912d7ae92ee088&from=web&vjs=3
Desarrollador Backend Python,Seeconds,Remote,https://www.indeed.com/viewjob?jk=d0eb1294325cb3f1&from=web&vjs=3
PYTHON/PhP SOFTWARE ENGINEER - Contract,InspiHER Tech,Indiana•Remote,https://www.indeed.com/viewjob?jk=a145a678281087dc&from=web&vjs=3
Senior Python Developer,eMoney Advisor,+9 locationsRemote,https://www.indeed.com/viewjob?jk=cf07a7088aaddbd6&from=web&vjs=3
Entry Level Business Analyst-Remote,Agama Solutions,+2 locationsRemote,https://www.indeed.com/viewjob?jk=6f6a1c18da31655b&from=web&vjs=3
PYTHON DEVELOPER,OC10,"Charlotte, NC 28202 (Downtown Charlotte area)",https://www.indeed.com/viewjob?jk=f26b8209c93fdd28&from=web&vjs=3
Data Analyst- Spring 2022,Lenovo,"Morrisville, NC+1 location",https://www.indeed.com/viewjob?jk=de5d4f8bf8cd486d&from=web&vjs=3
Remote Operations & Support Specialist,Netflix,Remote,https://www.indeed.com/viewjob?jk=a67febf94f1a5207&from=web&vjs=3
Python Developer Anywhere,Santex Group,United States,https://www.indeed.com/viewjob?jk=040f2c487a3dd6d3&from=web&vjs=3
Python Developer,Saraca Solutions,"Harrisburg, PA",https://www.indeed.com/viewjob?jk=7a7f0d6cdbec9856&from=web&vjs=3
Python Developer-Reactjs,"SmarTek21, LLC",Remote,https://www.indeed.com/viewjob?jk=034026350a31dc8e&from=web&vjs=3
"Data Engineer (Python, Pyspark, Airflow, AWS)",Nexient,"Ann Arbor, MI 48108+2 locations•Remote",https://www.indeed.com/viewjob?jk=6ef270d4c698a818&from=web&vjs=3
"Python Engineer - Remote, Full Time",Bluelight Consulting,United States•Remote,https://www.indeed.com/viewjob?jk=9a698878b37e8e50&from=web&vjs=3
Python Developer-1,TIAA,New York State+1 location,https://www.indeed.com/viewjob?jk=b736f44252e1d179&from=web&vjs=3
Python Developer,Sara Technologies,"San Diego, CA 92127",https://www.indeed.com/viewjob?jk=07cc59a85ae4d228&from=web&vjs=3
Python Developer,Moove-it,Remote,https://www.indeed.com/viewjob?jk=30d2deae65d78d38&from=web&vjs=3
Acoustics and Vibration Engineer I (NX),Gulfstream Aerospace Corporation,"Savannah, GA+4 locations",https://www.indeed.com/viewjob?jk=84aabceb26b29595&from=web&vjs=3
Software Developer – Entry Level,Grant Street Group,Remote,https://www.indeed.com/viewjob?jk=b8bfec599e550f11&from=web&vjs=3
Software Engineer- JS and Python,SAP,"Bellevue, WA 98004 (Downtown area)+2 locations",https://www.indeed.com/viewjob?jk=2a2fdb6c6567f9c1&from=web&vjs=3
Python Developer,Nuvento systems,Remote,https://www.indeed.com/viewjob?jk=f2beba2d5640fd15&from=web&vjs=3
Python Tester,Accenture,"Redmond, WA",https://www.indeed.com/viewjob?jk=ee4976f2befef230&from=web&vjs=3
Python Developer,Luxoft,+3 locationsRemote,https://www.indeed.com/viewjob?jk=43cce086e1acd9a1&from=web&vjs=3
Backend Python Engineer,Numerator,United States+10 locations•Remote,https://www.indeed.com/viewjob?jk=0d0b756b6441580c&from=web&vjs=3
Experienced AWS Python Contractor,stackbuilders,"New York, NY 10016 (Flatiron District area)•Remote",https://www.indeed.com/viewjob?jk=7a6eb7709512853c&from=web&vjs=3
Python Developer,Value Info Tech,"Phoenix, AZ",https://www.indeed.com/viewjob?jk=2fa1acf7705f32ea&from=web&vjs=3
Senior Software Engineer (Back End - Python),Nearpod,Remote,https://www.indeed.com/viewjob?jk=92076d82b5b242ce&from=web&vjs=3
Jr. Python Developer,Kibo Commerce,"Dallas, TX 75201",https://www.indeed.com/viewjob?jk=5ccd82b0221de315&from=web&vjs=3
Python Developer,Snap IT Solutions,"Houston, TX 77099 (Alief area)",https://www.indeed.com/viewjob?jk=0e10fe734c597c75&from=web&vjs=3
"Software Engineer, Python (Entry-level)",Kernel,"Culver City, CA 90232 (Jefferson area)+1 location",https://www.indeed.com/viewjob?jk=bba24995ad8bfe29&from=web&vjs=3
Sr. Python Engineer,Highbrow-Tech,Remote,https://www.indeed.com/viewjob?jk=b3082332444a0831&from=web&vjs=3
Python Software Engineer - Remote,DXC Technology,"Tampa, FL+2 locations•Remote",https://www.indeed.com/viewjob?jk=3caadc51357c5314&from=web&vjs=3
"Python, R Developer",TCS,"Indianapolis, IN+4 locations",https://www.indeed.com/viewjob?jk=312ea84743ff9ffb&from=web&vjs=3
Python Developer,Novogradac & Company,"Portland, OR+5 locations",https://www.indeed.com/viewjob?jk=d2273b9ea4656f60&from=web&vjs=3
Junior Engineer,wpromote,Remote,https://www.indeed.com/viewjob?jk=21ebe479a0b1ab2e&from=web&vjs=3
Student Worker Part-time,Wiley,California•Remote,https://www.indeed.com/viewjob?jk=4a7f73c389b5a704&from=web&vjs=3
Senior Software Engineer (Python),EAB,"Birmingham, AL 35203+1 location•Remote",https://www.indeed.com/viewjob?jk=a31c36e906eb13da&from=web&vjs=3
Entry Level Software Developer,Property Matrix,"Burbank, CA 91502 (Burbank Center area)+8 locations•Temporarily Remote",https://www.indeed.com/viewjob?jk=c91423d2223633c7&from=web&vjs=3
Python Developer,Alertus,"Baltimore, MD 21202 (Inner Harbor area)•Remote",https://www.indeed.com/viewjob?jk=cc72811ec0f43eda&from=web&vjs=3
Web Engineer,Airship,Remote,https://www.indeed.com/viewjob?jk=df6ccc4b8fbe8e8b&from=web&vjs=3
Senior DevOps/SRE Engineer (Can work remotely),First American,"Folsom, CA 95630+6 locations•Remote",https://www.indeed.com/viewjob?jk=5ddd8a9361bbd9f8&from=web&vjs=3
Senior ETL Developer (Python),Tista Science and Technology Corporation,Remote,https://www.indeed.com/viewjob?jk=4583823af072236a&from=web&vjs=3
Data Analyst,Disney Streaming,"Santa Monica, CA+4 locations",https://www.indeed.com/viewjob?jk=3ce68832dc2b5674&from=web&vjs=3
Python Developer,Cumming Group,"San Francisco, CA 94111 (Financial District area)",https://www.indeed.com/viewjob?jk=89e87dee7366d3b3&from=web&vjs=3
Junior Readypipe Engineer I,Yipit Inc.,"New York, NY+1 location•Remote",https://www.indeed.com/viewjob?jk=6f2b8e2826281709&from=web&vjs=3
Python Developer,Congruent Info-Tech,"Bellevue, WA 98007 (Lake Hills area)",https://www.indeed.com/viewjob?jk=d3bed7cda41d9f8f&from=web&vjs=3
Experienced Python/Django Contractor,stackbuilders,"New York, NY 10016 (Flatiron District area)•Remote",https://www.indeed.com/viewjob?jk=3ca8847c8187fe73&from=web&vjs=3
Junior Python Developer,Haynes Futures LLC,"Lorton, VA 22079",https://www.indeed.com/viewjob?jk=211996a23c2e5a66&from=web&vjs=3
"Software Developer, Python",Vertical Knowledge,"Chagrin Falls, OH•Remote",https://www.indeed.com/viewjob?jk=621f947d91e7edd3&from=web&vjs=3
Research Assistant,States United Democracy Center,Remote,https://www.indeed.com/viewjob?jk=b166f8d88c2bcfa9&from=web&vjs=3
Senior Python Developer,OMBU,"Portland, OR 97214 (Buckman area)•Remote",https://www.indeed.com/viewjob?jk=d13b06d1113de40c&from=web&vjs=3
Python Developer,Sparibis,"Orlando, FL•Remote",https://www.indeed.com/viewjob?jk=3612eb64bce6b034&from=web&vjs=3
Jr. DevOps Engineer,SkyHive Technologies Inc.,"San Francisco, CA",https://www.indeed.com/viewjob?jk=a83943b190d2465c&from=web&vjs=3
Python Application Developer (13844),Baer Group,"Alexandria, VA•Remote",https://www.indeed.com/viewjob?jk=dd24745835022a3d&from=web&vjs=3
Python Engineer - GS Accelerate,Goldman Sachs,"Dallas, TX 75201 (Arts District area)",https://www.indeed.com/viewjob?jk=801b64da973be520&from=web&vjs=3
Research Assistant,New Jersey Institute of Technology,"Newark, NJ 07102 (Central Business District area)+1 location",https://www.indeed.com/viewjob?jk=b75382f204d97cd8&from=web&vjs=3
Jr. Python Developer,"Futrend Technology, Inc.","Rockville, MD 20852",https://www.indeed.com/viewjob?jk=5e3410c1d37f8e00&from=web&vjs=3
Frontend Developer,Red Acre,"Saint Julian, SC",https://www.indeed.com/viewjob?jk=46e5de74893924a9&from=web&vjs=3
Software Engineer (Python),Sure,Remote,https://www.indeed.com/viewjob?jk=e8b9807be9d1933e&from=web&vjs=3
Software Engineer - Python,Backstage,"New York, NY•Remote",https://www.indeed.com/viewjob?jk=2814f981b67e8b0b&from=web&vjs=3
Entry Level Software Developer (Python),Columbus Technologies,"Pasadena, CA 91101 (West Central area)•Temporarily Remote",https://www.indeed.com/viewjob?jk=6c38d6f6235a4fdd&from=web&vjs=3
Python Developer (Fullstack),Konviere Corporation,"Leawood, KS",https://www.indeed.com/viewjob?jk=213ef23aef1e09fd&from=web&vjs=3
Python Developer,Infogen Labs,"Valencia, CA 91355",https://www.indeed.com/viewjob?jk=b7b5a7c1d1027d10&from=web&vjs=3
"Frontend Engineer, University Graduate - 2022 Start",TikTok,"Seattle, WA+5 locations",https://www.indeed.com/viewjob?jk=7423e56c5d5a069d&from=web&vjs=3
Python Developer,Taflink Care,"Dallas, TX•Temporarily Remote",https://www.indeed.com/viewjob?jk=e589a87aed9e899f&from=web&vjs=3
"Software Engineer, Junior",Booz Allen Hamilton,"McLean, VA 22102+38 locations•Remote",https://www.indeed.com/viewjob?jk=77a4c865b43ba0ec&from=web&vjs=3
Algorithms Engineer,Double River Investments Limited,Remote,https://www.indeed.com/viewjob?jk=b8876bb1eba675ff&from=web&vjs=3
Machine Learning Engineer (Junior),Nexient,"Columbus, OH+6 locations•Remote",https://www.indeed.com/viewjob?jk=a1a2a840cfa23f90&from=web&vjs=3
Software Engineer (Backend),Textio,"Seattle, WA 98104+1 location•Remote",https://www.indeed.com/viewjob?jk=e711a7b12acdcaef&from=web&vjs=3
Python Engineer,Capgemini,"Burbank, CA+6 locations",https://www.indeed.com/viewjob?jk=921379330a10ad90&from=web&vjs=3
Online Coding Instructor (Remote),CodeCombat,Remote,https://www.indeed.com/viewjob?jk=21ffebdf3906d3a6&from=web&vjs=3
Systems Modeling Engineer,Lucid Motors,"Newark, CA 94560+1 location",https://www.indeed.com/viewjob?jk=a184ec203496dbac&from=web&vjs=3
Python Software Development Engineer,Reynolds and Reynolds,"Austin, TX 73301 (St Edwards area)+5 locations",https://www.indeed.com/viewjob?jk=4cd3307fd2fb5343&from=web&vjs=3
GIS Technician,Flo Analytics,"Seattle, WA+1 location",https://www.indeed.com/viewjob?jk=b5e9951b5f0dfff4&from=web&vjs=3
Lead Python Engineer,S&P Global,"Lansing, MI 48901+45 locations•Remote",https://www.indeed.com/viewjob?jk=9d24af4c2937ade7&from=web&vjs=3
Python Developer,Mati,United States,https://www.indeed.com/viewjob?jk=ad23e3098da93091&from=web&vjs=3
Data Scientist - Entry Level,Numerdox,"Sacramento, CA•Remote",https://www.indeed.com/viewjob?jk=3dde0133818987f0&from=web&vjs=3
Economist - Full Time Opportunities 2022,Wayfair,"Boston, MA",https://www.indeed.com/viewjob?jk=3f53429744bc60a9&from=web&vjs=3
Senior Python Developer,Fusion Genius,"Alameda, CA",https://www.indeed.com/viewjob?jk=374a0913cfa1f9f8&from=web&vjs=3
Python Engineer,SugarCRM,Remote,https://www.indeed.com/viewjob?jk=0b05c2ae25b651c4&from=web&vjs=3
Ground Software — Associate Engineer (Summer 2022),Astranis,"San Francisco, CA+2 locations",https://www.indeed.com/viewjob?jk=a0ce5b3529fdd4b0&from=web&vjs=3
Python Developer,Advaiya,"Bellevue, WA 98007 (Overlake area)",https://www.indeed.com/viewjob?jk=9ccb06a74de52829&from=web&vjs=3
Sr. Systems Engineer,Aaron's,Remote,https://www.indeed.com/viewjob?jk=a5f9ae893deba38c&from=web&vjs=3
Python Engineer - Banking Platform Team,Avant,+1 locationRemote,https://www.indeed.com/viewjob?jk=7f97b256c3c7e391&from=web&vjs=3
"Associate Data Engineer (SQL, Cognos, Python)",Travelers,"Saint Paul, MN+6 locations•Remote",https://www.indeed.com/viewjob?jk=cd4214a1630c5904&from=web&vjs=3
CS152 Introduction to Python Programming,Park University Adjuncts,"San Antonio, TX 78236+3 locations",https://www.indeed.com/viewjob?jk=b1fa32e276038be3&from=web&vjs=3
Python Engineer,magnitude,"San Francisco, CA",https://www.indeed.com/viewjob?jk=0579faf2b17d7b9d&from=web&vjs=3
Programming Staff Writer,Valnet Freelance,Remote,https://www.indeed.com/viewjob?jk=18806c0298c50194&from=web&vjs=3
Python Developer,The Oakleaf Group,"Washington, DC 20010 (Columbia Heights area)",https://www.indeed.com/viewjob?jk=1f466da47bdedea7&from=web&vjs=3
Entry-Level Test Engineer,BOEING,"Smithfield, PA+7 locations",https://www.indeed.com/viewjob?jk=be0585fd4414d72b&from=web&vjs=3
Data Scientist & Eng’r.,SLEEP NUMBER,"Minneapolis, MN",https://www.indeed.com/viewjob?jk=f31ebba5005f2755&from=web&vjs=3
Software Engineer - Python,SureSwift Capital,Remote,https://www.indeed.com/viewjob?jk=08da37621c642f55&from=web&vjs=3
Site Reliability Engineer - TikTok,TikTok,"Seattle, WA+38 locations",https://www.indeed.com/viewjob?jk=46ce5c48a3dee160&from=web&vjs=3
2022 Associate Data Scientist,T. Rowe Price,"New York, NY+1 location",https://www.indeed.com/viewjob?jk=ded25292899dd88d&from=web&vjs=3
Python Developer,Saama Technologies Inc,"Bridgewater, NJ 08807",https://www.indeed.com/viewjob?jk=88a47b061b02935b&from=web&vjs=3
Research Assistant,Wayne State University,"Detroit, MI",https://www.indeed.com/viewjob?jk=7780e19564c00c07&from=web&vjs=3
Python Developer - US,Perceptive Analytics,"Houston, TX",https://www.indeed.com/viewjob?jk=09b67070d526895b&from=web&vjs=3
Senior Python Developer,Cowbell Cyber Inc.,California•Remote,https://www.indeed.com/viewjob?jk=d761077ec64c4aae&from=web&vjs=3
Backend Software Engineer-TikTok,TikTok,"Seattle, WA+16 locations",https://www.indeed.com/viewjob?jk=523fdbe809b6c2f2&from=web&vjs=3
Entry-Level Computer Engineer,Opal Kelly,"Portland, OR 97223",https://www.indeed.com/viewjob?jk=a2e8830485cc2dd9&from=web&vjs=3
Python Backend Developer (Remote),Parlance,Remote,https://www.indeed.com/viewjob?jk=c2437828c44a5ef9&from=web&vjs=3
Middle/Senior Python Developer,ScienceSoft USA Corporation,"McKinney, TX 75070",https://www.indeed.com/viewjob?jk=483f2eac5b38d2e8&from=web&vjs=3
Middle Python Developer,AgileEngine,"Grow, TX",https://www.indeed.com/viewjob?jk=f38bbe4b9c599f58&from=web&vjs=3
Python Engineer,Kinect,"El Segundo, CA 90245",https://www.indeed.com/viewjob?jk=c6a0e156fd8d9f08&from=web&vjs=3
Junior Software Engineer,SPECTRIO LLC,Remote,https://www.indeed.com/viewjob?jk=320e0ca0515f2896&from=web&vjs=3
Platform Engineer (Remote),Cargill,"Hopkins, MN 55343•Remote",https://www.indeed.com/viewjob?jk=abc44d18f8b5b926&from=web&vjs=3
Python Developer,Stier Solutions,"Westlake Village, CA 91361",https://www.indeed.com/viewjob?jk=b2de55596c3a1f9e&from=web&vjs=3
Site Reliablity Engineer,American Eagle Outfitters,Pennsylvania,https://www.indeed.com/viewjob?jk=3bd5978a37576d97&from=web&vjs=3
Software Engineer,Inspirato,Remote,https://www.indeed.com/viewjob?jk=0b3cc43a09c8e3f4&from=web&vjs=3
Software Analyst Apprentice,Apprenti,"Milwaukee, WI",https://www.indeed.com/viewjob?jk=72e8b026db557a82&from=web&vjs=3
Developer (Remote),The Hartford,Texas•Remote,https://www.indeed.com/viewjob?jk=50995584da0eeb17&from=web&vjs=3
"Associate, YouTube",YouTube,"New York, NY",https://www.indeed.com/viewjob?jk=a19d5d6e71bffeee&from=web&vjs=3
Python Developer,Convazant,"Sunnyvale, CA",https://www.indeed.com/viewjob?jk=3bd86e0ab712b364&from=web&vjs=3
"Software Engineer, Python",Kandji,Remote,https://www.indeed.com/viewjob?jk=0a8e299b63defaa8&from=web&vjs=3
Marketing & Sales Transformation Data Scientist,Lenovo,"Morrisville, NC",https://www.indeed.com/viewjob?jk=c06e6776bec13016&from=web&vjs=3
Network Engineer (with Python Scripting),Pinnacle Group,"Plano, TX+6 locations",https://www.indeed.com/viewjob?jk=fee44d88e55ab5e0&from=web&vjs=3
2021,Chicago Transit Authority,"Chicago, IL",https://www.indeed.com/viewjob?jk=4f26544963a8ddec&from=web&vjs=3
Senior Full-stack Software Engineer - Javascript / Python /...,Flexbox,Remote,https://www.indeed.com/viewjob?jk=4a82777950654f98&from=web&vjs=3
Junior Full Stack Engineer,"InnovaSystems International, LLC","San Diego, CA 92108 (Mission Valley East area)+2 locations",https://www.indeed.com/viewjob?jk=2b2cd03c5b901051&from=web&vjs=3
Python Dev / Analyst,Fuego Leads,"Columbus, OH 43215 (Downtown area)•Remote",https://www.indeed.com/viewjob?jk=71da39d9833d51ad&from=web&vjs=3
"Backend Engineer, Perception",Snapchat,"Los Angeles, CA 90291 (Venice area)+2 locations",https://www.indeed.com/viewjob?jk=ae4f23b48d0d4026&from=web&vjs=3
Python Data Engineer,Intone Networks,+4 locationsRemote,https://www.indeed.com/viewjob?jk=a282c9a20dc750af&from=web&vjs=3
Research Engineer Co-op,Motorola Solutions,"Somerville, MA",https://www.indeed.com/viewjob?jk=fb907d3882a0540f&from=web&vjs=3
Backend Engineer,Sila Inc.,"Portland, OR 97204+1 location•Remote",https://www.indeed.com/viewjob?jk=aed5f7a2e8779c56&from=web&vjs=3
Python Developer - US Bank,Globant,Remote,https://www.indeed.com/viewjob?jk=e239b1dd44713ead&from=web&vjs=3
Python Engineer,Dyno Nobel,"Salt Lake City, UT 84121",https://www.indeed.com/viewjob?jk=8a7cc0dd2929e87e&from=web&vjs=3
Senior React Developer,eMoney Advisor,Remote,https://www.indeed.com/viewjob?jk=cac29f5a382ee440&from=web&vjs=3
Full-Stack Python Software Developer,Advanced Energy Economy,+3 locationsRemote,https://www.indeed.com/viewjob?jk=170985c7d039ee10&from=web&vjs=3
Entry-Level Software Engineer,Motorola Solutions,"Schaumburg, IL+2 locations",https://www.indeed.com/viewjob?jk=841ef5765d47f4c3&from=web&vjs=3
Senior Data Scientist,Schnucks,"St. Louis, MO 63146",https://www.indeed.com/viewjob?jk=8fd43c7ca95087dd&from=web&vjs=3
Junior Backend Engineer,AlphaFlow,+1 locationRemote,https://www.indeed.com/viewjob?jk=a189a6c81fbcd33b&from=web&vjs=3
DATA ANALYST,InspiHER Tech,Remote,https://www.indeed.com/viewjob?jk=4842f3e5cde55a12&from=web&vjs=3
Junior DevOps Engineer,Deloitte,"Mechanicsburg, PA 17050+107 locations",https://www.indeed.com/viewjob?jk=a9066c895a1041a9&from=web&vjs=3
Sr. Backend Engineer - Python (Remote),Getaround,"San Francisco, CA•Remote",https://www.indeed.com/viewjob?jk=748ed3c27f46ca17&from=web&vjs=3
Power BI Developer,West Advanced Technologies (WATI),"Rancho Cordova, CA",https://www.indeed.com/viewjob?jk=8205adb5e07e9abd&from=web&vjs=3
JR. Engineer,Nickelodeon Animation,"Burbank, CA 91502 (Burbank Center area)",https://www.indeed.com/viewjob?jk=46df9ed5428cd34c&from=web&vjs=3
Python Developer,Clairvoyant,"Chandler, AZ 85226+1 location•Remote",https://www.indeed.com/viewjob?jk=c863b057044219e8&from=web&vjs=3
"Software Engineer, Quality",Benchling,+2 locationsRemote,https://www.indeed.com/viewjob?jk=c9f2e404687688ff&from=web&vjs=3
Senior Data Scientist,Schnucks,"St. Louis, MO 63146",https://www.indeed.com/viewjob?jk=8fd43c7ca95087dd&from=web&vjs=3
Software Developer (Entry Level),UltiSat,+1 locationRemote,https://www.indeed.com/viewjob?jk=0ae90fabaf5100df&from=web&vjs=3
Software Engineer I,IQVIA,+1 locationRemote,https://www.indeed.com/viewjob?jk=1f65fb5dbbe79c84&from=web&vjs=3
Python Developer,Kibo Commerce,"Dallas, TX 75201",https://www.indeed.com/viewjob?jk=31915b12b32bc7a9&from=web&vjs=3
DATA ANALYST,InspiHER Tech,Remote,https://www.indeed.com/viewjob?jk=4842f3e5cde55a12&from=web&vjs=3
Power BI Developer,West Advanced Technologies (WATI),"Rancho Cordova, CA",https://www.indeed.com/viewjob?jk=8205adb5e07e9abd&from=web&vjs=3
Python Software Engineer,3M,"Austin, TX",https://www.indeed.com/viewjob?jk=dd76b213daa9e99f&from=web&vjs=3
BI Manager - Digital Marketing,Seer Interactive,+2 locationsRemote,https://www.indeed.com/viewjob?jk=e2cf5a34833d0cac&from=web&vjs=3
"System Development Engineer – AWS Config, AWS Config",Amazon.com Services LLC,"Seattle, WA+126 locations",https://www.indeed.com/viewjob?jk=afb982d5d9e99619&from=web&vjs=3
Entry Software Engineer,Datavant,California•Remote,https://www.indeed.com/viewjob?jk=792868e0104b4562&from=web&vjs=3
Python Developer - Remote,CentralSquare Technologies,United States•Remote,https://www.indeed.com/viewjob?jk=a8d66acff1b1e381&from=web&vjs=3
Software Quality Assurance Engineer,OnlineMedEd,Remote,https://www.indeed.com/viewjob?jk=50f16bbe30d00820&from=web&vjs=3
Sr. Backend Engineer - Python (Remote),Getaround,"San Francisco, CA•Remote",https://www.indeed.com/viewjob?jk=748ed3c27f46ca17&from=web&vjs=3
Junior Software Engineer,Alloy,"New York, NY•Remote",https://www.indeed.com/viewjob?jk=813829bb6c109643&from=web&vjs=3
Java/Python Developer ( Remote),General Dynamics Information Technology,United States•Remote,https://www.indeed.com/viewjob?jk=0d5ca036a014c5b7&from=web&vjs=3
IT Sr Data Scientist,Save-A-Lot,"Saint Ann, MO 63074",https://www.indeed.com/viewjob?jk=46709c4a0f3d76b9&from=web&vjs=3
Python and/or C++ Software Engineer,"JPMorgan Chase Bank, N.A.","New York, NY+8 locations•Remote",https://www.indeed.com/viewjob?jk=3a5cbba15c31e2c1&from=web&vjs=3
"Machine Learning Engineer, MLOps",Lucid Motors,"Newark, CA 94560+3 locations",https://www.indeed.com/viewjob?jk=22b32552f979ef4e&from=web&vjs=3
Python with AWS Developer,Hash Technologies,"Atlanta, GA",https://www.indeed.com/viewjob?jk=9bf965d9d2d4f2a5&from=web&vjs=3
Python Developer,Haneke Design,"Tampa, FL",https://www.indeed.com/viewjob?jk=542b21736b6bca61&from=web&vjs=3
SLAM and Perception Engineer,Adaviv,"Somerville, MA 02143",https://www.indeed.com/viewjob?jk=8415a52c6ef4b687&from=web&vjs=3
MAC SYSTEM ENGINEER,Central Michigan University,"Mount Pleasant, MI",https://www.indeed.com/viewjob?jk=835357769b3e0ecc&from=web&vjs=3
"Deep Learning Engineer/Scientist, Autopilot",Tesla,"Palo Alto, CA+4 locations",https://www.indeed.com/viewjob?jk=9f10697d88ff0253&from=web&vjs=3
AWS/Python Developer,Accenture,"Hartford, CT 06103 (Downtown area)+2 locations",https://www.indeed.com/viewjob?jk=c04de165c70aead5&from=web&vjs=3
Python Engineer,Gelber Group LLC,"Chicago, IL 60654 (Near North area)•Temporarily Remote",https://www.indeed.com/viewjob?jk=8fdaed7e8a5d913f&from=web&vjs=3
Software Engineer - Python (BTU Analytics),FactSet Research Systems,"Lakewood, CO+7 locations",https://www.indeed.com/viewjob?jk=ed21b2e227f9aa61&from=web&vjs=3
Robotic Systems Engineer,Greenzie,"Atlanta, GA+2 locations",https://www.indeed.com/viewjob?jk=aa3aa1d1cdfd1490&from=web&vjs=3
Software Engineer,Wolfram,Remote,https://www.indeed.com/viewjob?jk=ef7b5a6fbb9f1f3e&from=web&vjs=3
"Fellow, Baseball Research & Development",Cleveland Indians - Baseball Operations,Ohio•Remote,https://www.indeed.com/viewjob?jk=3b702780b7916f79&from=web&vjs=3
Jr. Developer,Deloitte,"Los Angeles, CA 90013 (Downtown area)+68 locations",https://www.indeed.com/viewjob?jk=dab818dcfc6bae7b&from=web&vjs=3
Propulsion — Associate Engineer (Spring 2022),Astranis,"San Francisco, CA",https://www.indeed.com/viewjob?jk=b1060fd97370fbb6&from=web&vjs=3
Machine Learning Engineer,Lenovo,"Chicago, IL+1 location",https://www.indeed.com/viewjob?jk=d0fde70ad6a4ceee&from=web&vjs=3
Software Development Engineer I,MasterCard,"Arlington, VA+7 locations•Temporarily Remote",https://www.indeed.com/viewjob?jk=1b22cc29086e833c&from=web&vjs=3
CG Layout Artist - Monsters at Work,Disney Television Animation,"Glendale, CA (Grand Central area)",https://www.indeed.com/viewjob?jk=27a24ac46c92f42e&from=web&vjs=3
Research Assistant,Columbia University,"New York, NY+3 locations",https://www.indeed.com/viewjob?jk=a59d83d3f61b849f&from=web&vjs=3
Software Quality & Customer Experience Engineer,Hewlett Packard Enterprise,"Fort Collins, CO 80521+1 location",https://www.indeed.com/viewjob?jk=9da9fef5fe09e501&from=web&vjs=3
Profesor/a Data Science,Coderhouse,+1 locationRemote,https://www.indeed.com/viewjob?jk=46b3175e11d65f40&from=web&vjs=3
Entry Level Systems Engineer,BAE Systems,"San Diego, CA 92127 (Rancho Bernardo area)",https://www.indeed.com/viewjob?jk=290fa21bf9cf0110&from=web&vjs=3
"Junior Software Engineer, DevOps",Ping Identity,"Denver, CO 80202 (Central Business District area)",https://www.indeed.com/viewjob?jk=427b723d95f8bf4b&from=web&vjs=3
Python Developer,Fults & Associates,"Grapevine, TX",https://www.indeed.com/viewjob?jk=724d43dd753723a7&from=web&vjs=3
Python Developer,Palnar Transmedia,United States,https://www.indeed.com/viewjob?jk=fdb5a4e060506720&from=web&vjs=3
L1 Support - NORAM - Python Developer,Jade Global,"San Jose, CA 95110 (North San Jose area)",https://www.indeed.com/viewjob?jk=7650e6bff00fbe96&from=web&vjs=3
System Administrator,1st Light Energy,"Manteca, CA 95336",https://www.indeed.com/viewjob?jk=d5d89849c0eaea34&from=web&vjs=3
Senior Full Stack Python Developer (13794),Baer Group,"Washington, DC•Remote",https://www.indeed.com/viewjob?jk=f038292e08467b86&from=web&vjs=3
Senior Python Developer (Remote),cloudteam,"Jacksonville, FL+1 location•Remote",https://www.indeed.com/viewjob?jk=4dd5d1fe3064d4e0&from=web&vjs=3
Senior Data Engineer,Betterment LLC,+1 locationRemote,https://www.indeed.com/viewjob?jk=acc0ef87f83723f2&from=web&vjs=3
Senior Python Developer,Extreme Engineering Solutions,"Verona, WI 53593",https://www.indeed.com/viewjob?jk=daf07c3b8f869f77&from=web&vjs=3
People Analytics Partner,Netflix,"Los Angeles, CA",https://www.indeed.com/viewjob?jk=79c852a11001e519&from=web&vjs=3
"Software Engineer, University Graduate - 2022 Start",TikTok,"Seattle, WA+65 locations",https://www.indeed.com/viewjob?jk=21cc96f8ed47d56d&from=web&vjs=3
Administrateur Système et Réseau H/F,Extia,"Rochelle, LA",https://www.indeed.com/viewjob?jk=5b17029136a74c5b&from=web&vjs=3
Systems Engineer,Snapchat,"Los Angeles, CA 90291 (Venice area)",https://www.indeed.com/viewjob?jk=364cf0f9d722572d&from=web&vjs=3
Entry level Data Engineer,Certilytics,Remote,https://www.indeed.com/viewjob?jk=e19d25beb10c61ac&from=web&vjs=3
Full Stack Developer,Underdog.io,"New York, NY+1 location",https://www.indeed.com/viewjob?jk=2df0564df7756395&from=web&vjs=3
Python Developer (100% Remote),Denken Solutions Inc,Alabama+2 locations•Remote,https://www.indeed.com/viewjob?jk=a60bb97c2e2d2ae1&from=web&vjs=3
Trainee Software Engineer RRUS/928/2021,EMIDS,"Franklin, TN 37064 (McEwen area)+1 location",https://www.indeed.com/viewjob?jk=0cb511651e086582&from=web&vjs=3
"Software Engineer, Quip",Salesforce,+77 locationsRemote,https://www.indeed.com/viewjob?jk=8caabd819729b588&from=web&vjs=3
Systems Programmer / Analyst,Indiana University,"Bloomington, IN+1 location",https://www.indeed.com/viewjob?jk=8ee506627f792237&from=web&vjs=3
Python developer,VAUXOO,"Colima, GA",https://www.indeed.com/viewjob?jk=f7669fcbd77ecd11&from=web&vjs=3
Analytics Engineer,Outside Online,"Boulder, CO•Remote",https://www.indeed.com/viewjob?jk=d1f21d4024e3fb5e&from=web&vjs=3
Python Developer,Swan Software Solutions,"Carmel, IN",https://www.indeed.com/viewjob?jk=32eaa9e1e80e8c5d&from=web&vjs=3
Software Engineer,Hulu,"Santa Monica, CA+6 locations",https://www.indeed.com/viewjob?jk=eafa191adae2c646&from=web&vjs=3
Python Developer,Ivy Tech Solutions inc,+2 locationsRemote,https://www.indeed.com/viewjob?jk=4acadd569ee3fb58&from=web&vjs=3
Test Development Engineer,Lenovo,"Morrisville, NC",https://www.indeed.com/viewjob?jk=e84c3d80383cd0bd&from=web&vjs=3
Python Developer,Avani Systems,"Newark, DE",https://www.indeed.com/viewjob?jk=2adef6dc99e86686&from=web&vjs=3
Python Bootcamp Prep Instructor (Part-Time),Hackbright Academy,Remote,https://www.indeed.com/viewjob?jk=d90877b5c3795182&from=web&vjs=3
Python Developer with AWS,"JPMorgan Chase Bank, N.A.","Jersey City, NJ+28 locations",https://www.indeed.com/viewjob?jk=e34af623c9f44fb1&from=web&vjs=3
Fullstack Engineer (Carve Systems),iVision,Remote,https://www.indeed.com/viewjob?jk=1250a0d52245eada&from=web&vjs=3
"Biomechanics Analyst, Baseball Research & Development",Cleveland Indians - Baseball Operations,Ohio•Remote,https://www.indeed.com/viewjob?jk=42420b58615467c7&from=web&vjs=3
Chargé de projets H/F,CA Indosuez Wealth (Group),"Miami, FL",https://www.indeed.com/viewjob?jk=128e1dcdcf0c1c6e&from=web&vjs=3
Frontend Engineer,Kyte,"San Francisco, CA+1 location•Remote",https://www.indeed.com/viewjob?jk=43d9c34f432dc4f1&from=web&vjs=3
"Data Scientist, Media Innovations",The New York Times,"New York, NY",https://www.indeed.com/viewjob?jk=56dfa4fb5edc37c4&from=web&vjs=3
Test Automation Engineer,Kpler,Remote,https://www.indeed.com/viewjob?jk=0c7cc111c5a7ae8d&from=web&vjs=3
Python/ ETL Tester,Intone Networks,"Austin, TX",https://www.indeed.com/viewjob?jk=085a7de8ddf9c330&from=web&vjs=3
"Analyst, DIG Growth (Games)",The New York Times,"New York, NY",https://www.indeed.com/viewjob?jk=b929a38986a9bd98&from=web&vjs=3
Front-End Engineer,SAMBA TV,Remote,https://www.indeed.com/viewjob?jk=92efc35257c9a49d&from=web&vjs=3
Entry Level Web Developer,Motorola Solutions,"Schaumburg, IL",https://www.indeed.com/viewjob?jk=370f3572b77f7a75&from=web&vjs=3
"Graduate Data Science, Analyst I - August 2022 - Seattle",Expedia.com,"Seattle, WA 98119 (Queen Anne area)+12 locations",https://www.indeed.com/viewjob?jk=722e513c7e657593&from=web&vjs=3
Python Developer - Back End,Deloitte,"Rosslyn, VA 22209 (Radnor-Ft Myer Heights area)+126 locations",https://www.indeed.com/viewjob?jk=63823d6ee3ca9c19&from=web&vjs=3
"UX Engineer, Front End, Early Career",Google,"San Francisco, CA+2 locations",https://www.indeed.com/viewjob?jk=bce1cc9db3680333&from=web&vjs=3
Entry Level Data Scientist: 2022,IBM,"Research Triangle Park, NC 27709+2 locations",https://www.indeed.com/viewjob?jk=d9dc2b2ff8863e63&from=web&vjs=3
Data & BI Engineer,Fashion Group,"New York, NY",https://www.indeed.com/viewjob?jk=5c7305bc749d20da&from=web&vjs=3
Python Development Lead (13843),Baer Group,"Alexandria, VA•Remote",https://www.indeed.com/viewjob?jk=02acd56c3c900923&from=web&vjs=3
"Video Platform Engineer (Herndon, VA)",Pexip,"Herndon, VA 20171",https://www.indeed.com/viewjob?jk=271155ce0a012751&from=web&vjs=3
"Software Engineer, Machine Learning",Benchling,+2 locationsRemote,https://www.indeed.com/viewjob?jk=b129ad391a71ef83&from=web&vjs=3
Radio Hardware — Associate Engineer (Spring/Summer 2022),Astranis,"San Francisco, CA",https://www.indeed.com/viewjob?jk=e75569e6b749dfef&from=web&vjs=3
Middle Python Developer,Mobilunity,United States+1 location•Remote,https://www.indeed.com/viewjob?jk=523fde45ae4cfa9a&from=web&vjs=3
Python Developer,ING,"New York, NY",https://www.indeed.com/viewjob?jk=40802b7c00af44d8&from=web&vjs=3
Python Developer,Morgan Stanley,"New York, NY+3 locations",https://www.indeed.com/viewjob?jk=84c7ba71c316a022&from=web&vjs=3
Junior Java /.Net /Python Developer,Infosys,"Groton, CT•Remote",https://www.indeed.com/viewjob?jk=4f16edb2c700c56a&from=web&vjs=3
Full Stacker Developer (100% Remote US-based),"Cricket Media Services, Inc.",Remote,https://www.indeed.com/viewjob?jk=bd7ef81ae80b8131&from=web&vjs=3
Research Data Analyst,Daily Kos,Remote,https://www.indeed.com/viewjob?jk=5cf6da7c0b03f782&from=web&vjs=3
Operations Python Developer,Hudson River Trading,"Austin, TX+5 locations",https://www.indeed.com/viewjob?jk=4a01bb894b3c68e9&from=web&vjs=3
Economist,Amazon.com Services LLC,"Seattle, WA+15 locations",https://www.indeed.com/viewjob?jk=983318b8073d1250&from=web&vjs=3
"Senior Manager, Data & Analytics",Nutrien Ltd.,Remote,https://www.indeed.com/viewjob?jk=48498880ee6fe877&from=web&vjs=3
Backend Developer (Python/MongoDB),Irisidea TechSolutions Pvt Ltd,Remote,https://www.indeed.com/viewjob?jk=7fbef5b65dc94d34&from=web&vjs=3
Python Programmer,HedgeApple,"Lawrence, KS 66044",https://www.indeed.com/viewjob?jk=3ef89ececeb2b081&from=web&vjs=3
Python Developer :: 3 Months Contract to Hire :: Remote Role,Agama Solutions,"San Francisco, CA•Remote",https://www.indeed.com/viewjob?jk=f6a64372a5851eec&from=web&vjs=3
VR Artist,Lucid Motors,"Newark, CA 94560",https://www.indeed.com/viewjob?jk=2590bc51c44bc588&from=web&vjs=3
Python Developer,CSC Generation,"Merrillville, IN 46410+1 location•Remote",https://www.indeed.com/viewjob?jk=18af2dad2032cf22&from=web&vjs=3
Software Engineer,Ambarella,"Santa Clara, CA",https://www.indeed.com/viewjob?jk=00761abe2fa22394&from=web&vjs=3
Senior Backend Engineer (Python/APIs),Belvo Technologies,"São Paulo, Brazil",https://stackoverflow.com/jobs/552501
Python Software Engineer (Quant Trading Firm),"Old Mission Capital, LLC","Chicago, IL",https://stackoverflow.com/jobs/528807
Python Full-Stack Software Engineer,Steeprock Inc,No office location,https://stackoverflow.com/jobs/530560
Senior Backend Engineer - Python,Cornershop,"São Paulo, Brazil",https://stackoverflow.com/jobs/515697
Full-Stack Python Software Developer,Advanced Energy Economy,"New York, NY",https://stackoverflow.com/jobs/555893
Principal Python Engineer,ComplyAdvantage,"London, UK",https://stackoverflow.com/jobs/504216
Full Stack Developer (Python / React),Elorus,"Athens, Greece",https://stackoverflow.com/jobs/551867
Python Developer,"JPMorgan Chase Bank, N.A.","Columbus, OH",https://stackoverflow.com/jobs/557786
Python Software Engineer,"JPMorgan Chase Bank, N.A.","Houston, TX",https://stackoverflow.com/jobs/556790
Software Engineer- Python,Engooden Health,"Framingham, MA",https://stackoverflow.com/jobs/556005
Python Software Engineer - International growing scale-up!,Channable,"Utrecht, Netherlands",https://stackoverflow.com/jobs/265091
Sr. Full Stack Engineer- Python,AutoTrader,"Toronto, ON, Canada",https://stackoverflow.com/jobs/529021
Software Engineer- Python,"JPMorgan Chase Bank, N.A.","Houston, TX",https://stackoverflow.com/jobs/555628
Python Software Engineer (Data Pipeline),Bloomreach,No office location,https://stackoverflow.com/jobs/524987
Python Software Developer,EODC GmbH,"Wien, Österreich",https://stackoverflow.com/jobs/496568
Backend Software Engineer: Python/ Java (m/f/d),creditshelf,"Frankfurt am Main, Deutschland",https://stackoverflow.com/jobs/219940
"Full Stack Software Engineer (Python, JavaScript, TypeScript)","JPMorgan Chase Bank, N.A.","London, UK",https://stackoverflow.com/jobs/556626
Python Software Engineer,"JPMorgan Chase Bank, N.A.","Houston, TX",https://stackoverflow.com/jobs/556026
"Data Engineer (Python, ETL)",Finsera,No office location,https://stackoverflow.com/jobs/536631
CIB Data - Python Software Engineering,"JPMorgan Chase Bank, N.A.","London, UK",https://stackoverflow.com/jobs/555524
Credit Technology - Python Software Engineer,"JPMorgan Chase Bank, N.A.","London, UK",https://stackoverflow.com/jobs/557514
Software Engineer (Java/Python),ComplyAdvantage,"London, UK",https://stackoverflow.com/jobs/528544
Python Software Engineer - Global Rates Technology - Vice President,"JPMorgan Chase Bank, N.A.","Glasgow, UK",https://stackoverflow.com/jobs/557228
Backend Engineer (Python),Zattoo,"Berlin, Germany",https://stackoverflow.com/jobs/556298
Backend developer (Python/Django) with a passion for open source,5 Monkeys Agency ABvia5 Monkeys Agency AB,"Göteborg, Sweden",https://stackoverflow.com/jobs/546428
Python/Java developer,"JPMorgan Chase Bank, N.A.","Jersey City, NJ",https://stackoverflow.com/jobs/557549
Senior Python Software Engineer,"JPMorgan Chase Bank, N.A.","Glasgow, UK",https://stackoverflow.com/jobs/556254
Python Software Engineer,Captivation Software,"Fort Meade, MD",https://stackoverflow.com/jobs/525426
Full-Stack Engineer (Python OR Javascript),Neo4j,"Malmö, Sweden",https://stackoverflow.com/jobs/362199
CIB Data - Python Software Engineering,"JPMorgan Chase Bank, N.A.","London, UK",https://stackoverflow.com/jobs/555524
"Senior Software Engineer - SOAP, REST, Bash, Shell, Python, Splunk Analystics",Lumen,"Broomfield, CO",https://stackoverflow.com/jobs/557531
Software Engineer - Python,"JPMorgan Chase Bank, N.A.","Glasgow, UK",https://stackoverflow.com/jobs/558475
Lead/Senior Software Engineer (Python/Django),Sector Labs,"Dubai, United Arab Emirates",https://stackoverflow.com/jobs/551454
Senior Python Full Stack Engineer,e-bot7 GmbH,"Munich, Germany",https://stackoverflow.com/jobs/551750
Software Engineer-Java-Python,"JPMorgan Chase Bank, N.A.","Plano, TX",https://stackoverflow.com/jobs/558385
Python Developer,"JPMorgan Chase Bank, N.A.","Jersey City, NJ",https://stackoverflow.com/jobs/556734
Python Software Engineer - Global Rates Technology - Vice President,"JPMorgan Chase Bank, N.A.","Glasgow, UK",https://stackoverflow.com/jobs/557228
Senior Backend Python Engineer - Applied AI Systems - London,"JPMorgan Chase Bank, N.A.","London, UK",https://stackoverflow.com/jobs/558322
"Senior Software Engineer - Full-stack (Python, React)",Invitae Corporation,No office location,https://stackoverflow.com/jobs/522534
"Software Engineer - Full Stack (React, Java, Python)","JPMorgan Chase Bank, N.A.","Houston, TX",https://stackoverflow.com/jobs/557417
Senior Backend Engineer - Python - México,Cornershop by Uber,No office location,https://stackoverflow.com/jobs/526139
Data Engineer - Python,Capital Group,"Irvine, CA",https://stackoverflow.com/jobs/538626
"Vice President, Software Engineer (Java/Python) | Cybersecurity & Technology Controls","JPMorgan Chase Bank, N.A.","Plano, TX",https://stackoverflow.com/jobs/556675
Senior Python/Django Full-stack Developer,Apicbase Belgium,No office location,https://stackoverflow.com/jobs/545356
Senior Software Developer - Python,"JPMorgan Chase Bank, N.A.","Glasgow, UK",https://stackoverflow.com/jobs/555543
Python Software Engineer,"JPMorgan Chase Bank, N.A.","London, UK",https://stackoverflow.com/jobs/557085
Python Backend Engineer,Skillhouse Staffing Solutions,"Tokyo, Japan",https://stackoverflow.com/jobs/556016
Senior Python Backend Developer,Alfi Inc.,"Belfast, UK",https://stackoverflow.com/jobs/520640
Python Developer (Remote),X-Team,No office location,https://stackoverflow.com/jobs/534454
Senior Python Software Engineer,"JPMorgan Chase Bank, N.A.","Chicago, IL",https://stackoverflow.com/jobs/558329
"Software Engineer - Full Stack (React, Java, Python)","JPMorgan Chase Bank, N.A.","Houston, TX",https://stackoverflow.com/jobs/557417
"Tech Lead, Python Systems Engineering",McD Tech Labs,"Mountain View, CA",https://stackoverflow.com/jobs/523801
Software Engineer-Java-Python,"JPMorgan Chase Bank, N.A.","Plano, TX",https://stackoverflow.com/jobs/558385
Python Entwickler*in Remote (f/m/d),Ambient,"Köln, Deutschland",https://stackoverflow.com/jobs/493874
Developer - Big Data Solutions - Python,"JPMorgan Chase Bank, N.A.","Wilmington, DE",https://stackoverflow.com/jobs/558001
C++ and Python software engineers - Metrology,ASML,"Veldhoven, Netherlands",https://stackoverflow.com/jobs/523429
Software Engineer - Alteryx and Python,"JPMorgan Chase Bank, N.A.","Jersey City, NJ",https://stackoverflow.com/jobs/557049
"Senior Software Engineer - Full-stack (Python, React)",Invitae Corporation,No office location,https://stackoverflow.com/jobs/522534
Software Engineer - Python,"JPMorgan Chase Bank, N.A.","Glasgow, UK",https://stackoverflow.com/jobs/558475
Python Engineer,Secfi,"Amsterdam, Netherlands",https://stackoverflow.com/jobs/473458
Lead/Senior Software Engineer (Python/Django),Sector Labs,"Dubai, United Arab Emirates",https://stackoverflow.com/jobs/551454
Softwareentwickler (m/w/d) Backend Python/Go,Hetzner Cloud GmbH,"Unterföhring, Deutschland",https://stackoverflow.com/jobs/272624
Backend Software Engineer - Python,Hubs,"Amsterdam, Netherlands",https://stackoverflow.com/jobs/543394
Sr. Python Developer,"JPMorgan Chase Bank, N.A.","Houston, TX",https://stackoverflow.com/jobs/557857
Senior Backend Engineer - Python - México,Cornershop by Uber,No office location,https://stackoverflow.com/jobs/526139
Senior Software Developer - Python,"JPMorgan Chase Bank, N.A.","Glasgow, UK",https://stackoverflow.com/jobs/555543
Backend developer (Python/Django) with a passion for open source,5 Monkeys Agency ABvia5 Monkeys Agency AB,"Stockholm, Sweden",https://stackoverflow.com/jobs/546429
Senior Software Developer Python (m/f/d),Ströer Online Marketing,"Hamburg, Deutschland",https://stackoverflow.com/jobs/462625
Python Backend Engineer,Skillhouse Staffing Solutions,"Tokyo, Japan",https://stackoverflow.com/jobs/556016
Python Developer (Remote),X-Team,No office location,https://stackoverflow.com/jobs/534454
Commodities/Currencies/Emerging Markets Software Engineer - Athena Python platform,"JPMorgan Chase Bank, N.A.","London, UK",https://stackoverflow.com/jobs/555785
CIB - Quantitative Research - Market Risk - Associate - Python Developer,"JPMorgan Chase Bank, N.A.","Jersey City, NJ",https://stackoverflow.com/jobs/557828
Java or Python Software Engineer,"JPMorgan Chase Bank, N.A.","Columbus, OH",https://stackoverflow.com/jobs/557965
(Junior) Software Developer Python (m/w/d),Univention GmbH,No office location,https://stackoverflow.com/jobs/550381
Senior Python Engineer - Equities Prime - London,"JPMorgan Chase Bank, N.A.","London, UK",https://stackoverflow.com/jobs/556625
Python Software Engineer,"JPMorgan Chase Bank, N.A.","Houston, TX",https://stackoverflow.com/jobs/556026
Sr. Full Stack Engineer- Python,AutoTrader,"Toronto, ON, Canada",https://stackoverflow.com/jobs/529021
"Senior Data Engineer (Python, Kafka, Airflow)",AMBOSS,"Berlin, Germany",https://stackoverflow.com/jobs/415218
Sr. Software Engineer (Python or Java or Scala),"JPMorgan Chase Bank, N.A.","Jersey City, NJ",https://stackoverflow.com/jobs/555851
Software Engineer- Python,"JPMorgan Chase Bank, N.A.","Houston, TX",https://stackoverflow.com/jobs/555628
Real time Data Engineer (Python/C++),"JPMorgan Chase Bank, N.A.","Houston, TX",https://stackoverflow.com/jobs/558334
Python Software Engineer,"JPMorgan Chase Bank, N.A.","Houston, TX",https://stackoverflow.com/jobs/558009
Python Software Engineer (Data Pipeline),Bloomreach,No office location,https://stackoverflow.com/jobs/524987
Softwareentwickler* Python bei Feynsinn,EDAG Group,"Garching bei München, Deutschland",https://stackoverflow.com/jobs/529037
Python Developer,"JPMorgan Chase Bank, N.A.","Houston, TX",https://stackoverflow.com/jobs/557178
Sr Full Stack Software Engineer (Python/React/AWS),Carex Consulting GroupviaCarex Consulting Group,No office location,https://stackoverflow.com/jobs/546570
"Full Stack Software Engineer (Python, JavaScript, TypeScript)","JPMorgan Chase Bank, N.A.","London, UK",https://stackoverflow.com/jobs/556626
Equities Front Office Python Developer & Team Lead,"JPMorgan Chase Bank, N.A.","London, UK",https://stackoverflow.com/jobs/556686
Software Developer Python / Linux (m/w/d),Univention GmbH,"Bremen, Deutschland",https://stackoverflow.com/jobs/551134
Python Developer/ Data Engineer,Huxley Banking & Financial ServicesviaHuxley (US),"New York, NY",https://stackoverflow.com/jobs/522466
"Associate Equity Athena Intraday Risk (Python, React/TS)","JPMorgan Chase Bank, N.A.","London, UK",https://stackoverflow.com/jobs/557142
"Python Back End Developer (FastAPI, Django, Celery)","Daupler, Inc.","Kansas City, MO",https://stackoverflow.com/jobs/523350
Python Backend Developer (m/f/d) - Industrial Data Science and Software,Smart Steel Technologies GmbH,"Berlin, Germany",https://stackoverflow.com/jobs/334428
Python Site Reliability Engineer,"JPMorgan Chase Bank, N.A.","Houston, TX",https://stackoverflow.com/jobs/556105
Python Software Engineer (Athena Rates Technology),"JPMorgan Chase Bank, N.A.","London, UK",https://stackoverflow.com/jobs/556089
Senior Python Software Engineer with SQL,"JPMorgan Chase Bank, N.A.","Houston, TX",https://stackoverflow.com/jobs/556364
Senior Python Software Engineer,"JPMorgan Chase Bank, N.A.","Glasgow, UK",https://stackoverflow.com/jobs/556254
FX Services Technology - Senior Python Software Engineer,"JPMorgan Chase Bank, N.A.","London, UK",https://stackoverflow.com/jobs/557816
Python Automation Engineer,"JPMorgan Chase Bank, N.A.","Columbus, OH",https://stackoverflow.com/jobs/557539
Software Engineers - Cloud Reliability & Infrastructure (Python or Java),Canva,"Sydney, Australia",https://stackoverflow.com/jobs/373689
Senior Python Software Engineer with SQL,"JPMorgan Chase Bank, N.A.","Houston, TX",https://stackoverflow.com/jobs/556364
Python Backend Developer (m/f/d) - Industrial Data Science and Software,Smart Steel Technologies GmbH,"Berlin, Germany",https://stackoverflow.com/jobs/334428
Senior Software Engineer - Python,DIGARC,No office location,https://stackoverflow.com/jobs/497630
Senior Cloud Developer - AWS / Cloud Foundry / Java / Python,"JPMorgan Chase Bank, N.A.","Columbus, OH",https://stackoverflow.com/jobs/555405
Java/Python Software Engineer (SQL/Database Design),"JPMorgan Chase Bank, N.A.","Glasgow, UK",https://stackoverflow.com/jobs/556645
Senior Python Software Engineer,"JPMorgan Chase Bank, N.A.","Glasgow, UK",https://stackoverflow.com/jobs/556254
FX Services Technology - Senior Python Software Engineer,"JPMorgan Chase Bank, N.A.","London, UK",https://stackoverflow.com/jobs/557816
Software Engineers - Cloud Reliability & Infrastructure (Python or Java),Canva,"Sydney, Australia",https://stackoverflow.com/jobs/373689
Senior Software Engineer (Java/Python - Data Insights),ComplyAdvantage,"London, UK",https://stackoverflow.com/jobs/528607
Client Onboarding Python Software Engineer,"JPMorgan Chase Bank, N.A.","Glasgow, UK",https://stackoverflow.com/jobs/557509
Senior Fullstack Engineer (Python/Django/React)- #12 of Top-100 Marketplaces,StyleSeat,No office location,https://stackoverflow.com/jobs/554278
Python Developer suchen Kollegen (m/w/d),solute GmbH,"Karlsruhe, Deutschland",https://stackoverflow.com/jobs/284443
Senior Software Engineer - Python - Commodities Technology,"JPMorgan Chase Bank, N.A.","London, UK",https://stackoverflow.com/jobs/556259
Python Analytics Developer,"JPMorgan Chase Bank, N.A.","Plano, TX",https://stackoverflow.com/jobs/558104
"Senior Software Engineer - SOAP, REST, Bash, Shell, Python, Splunk Analystics",Lumen,"Broomfield, CO",https://stackoverflow.com/jobs/557531
Sr. Python Developer,"JPMorgan Chase Bank, N.A.","Houston, TX",https://stackoverflow.com/jobs/557984
Python Engineer,Intel Corporation,"Gdańsk, Poland",https://stackoverflow.com/jobs/529943
A 'jack-of-all-trades' for an Agile team - Python Dev/ Tech Lead/ Scrum Master,Pentalog,"Hanoi, Vietnam",https://stackoverflow.com/jobs/554242
Senior Software Engineer Python,H & M Hennes & Mauritz GBC AB,"Stockholm, Sweden",https://stackoverflow.com/jobs/529343
Software Engineer (Python Data Stack) (m/f/d),QuantCo,"Karlsruhe, Germany",https://stackoverflow.com/jobs/349976
Senior Python Full Stack Engineer,e-bot7 GmbH,"Munich, Germany",https://stackoverflow.com/jobs/551750
"Principal Software Engineer, Data (Python & pandas) - London",Synthace Ltd.,"London, UK",https://stackoverflow.com/jobs/554536
Python Software Engineer (Cloud/Data Science),"JPMorgan Chase Bank, N.A.","Houston, TX",https://stackoverflow.com/jobs/557672
Python Software Engineer - Athena Market Data,"JPMorgan Chase Bank, N.A.","London, UK",https://stackoverflow.com/jobs/557505
Python Developer,"JPMorgan Chase Bank, N.A.","Jersey City, NJ",https://stackoverflow.com/jobs/556734
"SENIOR FULL-STACK DEV WITH RUBY / PYTHON / REACT NATIVE -- 100% REMOTE, FLEXIBLE",Analytics Fire,No office location,https://stackoverflow.com/jobs/517987
Python Software Engineer - Global Rates Technology - Associate,"JPMorgan Chase Bank, N.A.","Glasgow, UK",https://stackoverflow.com/jobs/557227
Software Engineers - Cloud Reliability & Infrastructure (Python or Java),Canva,"Sydney, Australia",https://stackoverflow.com/jobs/373689
Software Engineer (Python and/or C++) - Commodities,"JPMorgan Chase Bank, N.A.","Houston, TX",https://stackoverflow.com/jobs/556714
Python/Java developer,"JPMorgan Chase Bank, N.A.","Jersey City, NJ",https://stackoverflow.com/jobs/557549
Sr. Software Engineer (Python or Java or Scala),"JPMorgan Chase Bank, N.A.","Jersey City, NJ",https://stackoverflow.com/jobs/555851
Python Software Engineering - Cloud Technologies,"JPMorgan Chase Bank, N.A.","London, UK",https://stackoverflow.com/jobs/556977
Lead Software Engineer - Python Focus Big Loop Systems (m/f/d),CARIAD,"Ingolstadt, Germany",https://stackoverflow.com/jobs/547925
Software Developer Python / Linux (m/w/d),Univention GmbH,"Bremen, Deutschland",https://stackoverflow.com/jobs/551134
Senior Software Engineer (Java/Python - Data Insights),ComplyAdvantage,"London, UK",https://stackoverflow.com/jobs/528607
Senior Python Developer,GeoPhy,"Den Haag, Netherlands",https://stackoverflow.com/jobs/552144
Data Engineer - Python,Capital Group,"Irvine, CA",https://stackoverflow.com/jobs/538626
Python Developer suchen Kollegen (m/w/d),solute GmbH,"Karlsruhe, Deutschland",https://stackoverflow.com/jobs/284443
Real time Data Engineer (Python/C++),"JPMorgan Chase Bank, N.A.","Houston, TX",https://stackoverflow.com/jobs/558334
Fullstack Developer (Python/React),We Got POP Ltd,"London, UK",https://stackoverflow.com/jobs/525267
Softwareentwickler* Python bei Feynsinn,EDAG Group,"Garching bei München, Deutschland",https://stackoverflow.com/jobs/529037
Python Software Engineer (Athena Rates Technology),"JPMorgan Chase Bank, N.A.","London, UK",https://stackoverflow.com/jobs/556089
Python Developer/ Trading Systems Engineer,Huxley Banking & Financial ServicesviaHuxley (US),"New York, NY",https://stackoverflow.com/jobs/522467
"Software Engineer (Java, Python) - Product Tooling","JPMorgan Chase Bank, N.A.","Jersey City, NJ",https://stackoverflow.com/jobs/555919
Python Developer/ Data Engineer,Huxley Banking & Financial ServicesviaHuxley (US),"New York, NY",https://stackoverflow.com/jobs/522466
Python Automation Engineer,"JPMorgan Chase Bank, N.A.","Columbus, OH",https://stackoverflow.com/jobs/557539
Python Data Engineer - AI Solutions,"JPMorgan Chase Bank, N.A.","London, UK",https://stackoverflow.com/jobs/557686
Senior Python Engineer - Athena Trade & Risk Services - Instrument & Lifecycle Group -...,"JPMorgan Chase Bank, N.A.","London, UK",https://stackoverflow.com/jobs/558321
Python Alteryx Developer,"JPMorgan Chase Bank, N.A.","Jersey City, NJ",https://stackoverflow.com/jobs/557793
Python Site Reliability Engineer,"JPMorgan Chase Bank, N.A.","Houston, TX",https://stackoverflow.com/jobs/556105
Senior Python Engineer - Athena Trade & Risk Services - Instrument & Lifecycle Group -...,"JPMorgan Chase Bank, N.A.","London, UK",https://stackoverflow.com/jobs/558321
Software Developer Python / Linux (m/w/d),Univention GmbH,"Bremen, Deutschland",https://stackoverflow.com/jobs/551134
"Software Engineering - Java Developer (with Python, Linux and Oracle/SQL DB exp)","JPMorgan Chase Bank, N.A.","Plano, TX",https://stackoverflow.com/jobs/557956
Developer Technology Engineer - Test Automation (C++ / Python / Jenkins),Imagination Technologies,"Kings Langley, UK",https://stackoverflow.com/jobs/543473
Real time Data Engineer (Python/C++),"JPMorgan Chase Bank, N.A.","Houston, TX",https://stackoverflow.com/jobs/558334
Experienced Python Software Developer for our Partner ADSPERT (Berlin or remote),solute GmbH,"Berlin, Deutschland",https://stackoverflow.com/jobs/547853
Softwareentwickler* Python bei Feynsinn,EDAG Group,"Garching bei München, Deutschland",https://stackoverflow.com/jobs/529037
Python Software Engineer (Athena Rates Technology),"JPMorgan Chase Bank, N.A.","London, UK",https://stackoverflow.com/jobs/556089
"Senior .Net Developer for ML, Computer Vision and Python Algorithm development",MapLarge,No office location,https://stackoverflow.com/jobs/165235
Python Developer/ Data Engineer,Huxley Banking & Financial ServicesviaHuxley (US),"New York, NY",https://stackoverflow.com/jobs/522466
Python Automation Engineer,"JPMorgan Chase Bank, N.A.","Columbus, OH",https://stackoverflow.com/jobs/557539
Fullstack Developer (Python/React),We Got POP Ltd,"London, UK",https://stackoverflow.com/jobs/525267
(Senior) Python Developer (m/f/d),tribe29 GmbH,"München, Deutschland",https://stackoverflow.com/jobs/526671
Python Alteryx Developer,"JPMorgan Chase Bank, N.A.","Jersey City, NJ",https://stackoverflow.com/jobs/557793
Python Site Reliability Engineer,"JPMorgan Chase Bank, N.A.","Houston, TX",https://stackoverflow.com/jobs/556105
Python Software Engineer (Cloud/Data Science),"JPMorgan Chase Bank, N.A.","Houston, TX",https://stackoverflow.com/jobs/557670
Mobile CI/CD Build Engineer Python Developer,"JPMorgan Chase Bank, N.A.","Plano, TX",https://stackoverflow.com/jobs/556045
Data Engineer Lead - Java Python,"JPMorgan Chase Bank, N.A.","Wilmington, DE",https://stackoverflow.com/jobs/557688
Software Engineering - Python or other OOP,"JPMorgan Chase Bank, N.A.","London, UK",https://stackoverflow.com/jobs/557970
Python Developer,Etiometry,"Boston, MA",https://stackoverflow.com/jobs/504970
Python Software Engineer - AI Solutions,"JPMorgan Chase Bank, N.A.","London, UK",https://stackoverflow.com/jobs/556844
Senior Python Data Engineer - AI Solutions,"JPMorgan Chase Bank, N.A.","London, UK",https://stackoverflow.com/jobs/556079
Cloud Software Engineer - Python - VP,"JPMorgan Chase Bank, N.A.","London, UK",https://stackoverflow.com/jobs/557858
Senior Python Engineer - Back End - Take Charge Of Our In-House CMS,Immersive Labs,No office location,https://stackoverflow.com/jobs/552495
Python Software Engineer (Cloud),"JPMorgan Chase Bank, N.A.","London, UK",https://stackoverflow.com/jobs/555388
Python/Java Infrastructure Developer - Data Protection,"JPMorgan Chase Bank, N.A.","Bournemouth, UK",https://stackoverflow.com/jobs/557068
Software Engineering - Python or other OOP,"JPMorgan Chase Bank, N.A.","London, UK",https://stackoverflow.com/jobs/557970
Fullstack Cloud Engineer (Python/React/AWS),Montash,No office location,https://stackoverflow.com/jobs/556128
Mobile CI/CD Build Engineer Python Developer,"JPMorgan Chase Bank, N.A.","Plano, TX",https://stackoverflow.com/jobs/556045
"Associate Equity Athena Intraday Risk (Python, React/TS)","JPMorgan Chase Bank, N.A.","London, UK",https://stackoverflow.com/jobs/555396
Cloud Engineer (Python and/or Java),"JPMorgan Chase Bank, N.A.","Houston, TX",https://stackoverflow.com/jobs/556063
"DevOps System Engineer / Software Developer (w/m/d)  Linux, Java und/oder Python, Golang",DENIC eG,"Frankfurt, Germany",https://stackoverflow.com/jobs/550207
Senior Python Engineer - Back End - Take Charge Of Our In-House CMS,Immersive Labs,No office location,https://stackoverflow.com/jobs/552495
"Senior IoT Developer (M/W/D/) Python, C++",VISPIRON CHARGE-V GmbH,"München, Deutschland",https://stackoverflow.com/jobs/524044
"IoT / Java, Python Entwickler (w/m/d) - bundesweit & Homeoffice",objective partner AG,"Weinheim, Deutschland",https://stackoverflow.com/jobs/550882
Site Reliability Engineer (SRE)- Java / Python / Linux Production / Operations /...,"JPMorgan Chase Bank, N.A.","Jersey City, NJ",https://stackoverflow.com/jobs/556412
Python Engineering Manager - VP - Securities Services,"JPMorgan Chase Bank, N.A.","London, UK",https://stackoverflow.com/jobs/557892
"Senior Software Engineer, Integration QA, Python",Canonical,No office location,https://stackoverflow.com/jobs/519661
"Python and/or Java, Cloud Technical Lead - Product Engineering","JPMorgan Chase Bank, N.A.","Jersey City, NJ",https://stackoverflow.com/jobs/556846
VP Python Engineering Manager (Securities Services),"JPMorgan Chase Bank, N.A.","London, UK",https://stackoverflow.com/jobs/557718
"Data Engineer (m/f) (SQL, Python, R, Java)",RIAG DIGITAL,"Wien, Austria",https://stackoverflow.com/jobs/376577
Développeur-euse Fullstack (Python/Flask),Fintel SAS,"Marseille, France",https://stackoverflow.com/jobs/465113
Python Developer - Securities Services Technology: Analytics,"JPMorgan Chase Bank, N.A.","London, UK",https://stackoverflow.com/jobs/557146
"Senior .Net Developer for ML, Computer Vision and Python Algorithm development",MapLarge,No office location,https://stackoverflow.com/jobs/165235
Python Software Engineer - Athena Trade & Risk Services - Inbound STP - VP - CIB,"JPMorgan Chase Bank, N.A.","London, UK",https://stackoverflow.com/jobs/556347
Node.js Developer (Remote),Soshace LLC,No office location,https://stackoverflow.com/jobs/555481
React or Angular Front-end developer (Remote),Soshace LLC,No office location,https://stackoverflow.com/jobs/555480
Enthusiastic developers for small informal software company,Black Cow Technology,"Oxford, UK",https://stackoverflow.com/jobs/503556
Node.js Engineer (m/f/d),Fashion Cloud,"Amsterdam, Netherlands",https://stackoverflow.com/jobs/460037
Java/Spring Developer (Remote),Soshace LLC,No office location,https://stackoverflow.com/jobs/555482
C++ developer in Berlin. 120 000 euro per year,think-cell,"Berlin, Germany",https://stackoverflow.com/jobs/36832
Node.js Engineer (m/f/d),Fashion Cloud,"Hamburg, Germany",https://stackoverflow.com/jobs/521823
Cloud Automation Engineer,tribe29 GmbH,"München, Deutschland",https://stackoverflow.com/jobs/547843
Full Stack Engineer (m/f/d),Fashion Cloud,"Amsterdam, Netherlands",https://stackoverflow.com/jobs/552987
Analyste solution/ Chef de projet déploiement Smart O&M (H/F),ENGIE Digital,"Paris, France",https://stackoverflow.com/jobs/548602
DevOps Engineer with interesting scale up challenges,Channable,"Utrecht, Netherlands",https://stackoverflow.com/jobs/500253
Senior Frontend Engineer | Angular or React | Barcelona,Dynatrace,"Barcelona, Spain",https://stackoverflow.com/jobs/546676
Product Owner Smart O&M (H/F),ENGIE Digital,"Paris, France",https://stackoverflow.com/jobs/554454
"Arista Networks is hiring Front End Engineer for Dublin office(JS, React+Redux)","Arista Networks, Inc","Dublin, Ireland",https://stackoverflow.com/jobs/482910
QA Analyst (H/F),ENGIE Digital,"Paris, France",https://stackoverflow.com/jobs/528279
Senior Java Engineer | Barcelona,Dynatrace,"Barcelona, Spain",https://stackoverflow.com/jobs/546675
Engineering Manager (Frontend - JS React),uSwitch,"London, UK",https://stackoverflow.com/jobs/546667
Senior Full-stack Web Developer,F-Secure,"Poznań, Poland",https://stackoverflow.com/jobs/526479
Senior Full-stack Web Developer,F-Secure,"Basingstoke, UK",https://stackoverflow.com/jobs/535566
Sr. Software Engineer - Virtual Intelligence Team,Flashpoint,No office location,https://stackoverflow.com/jobs/555310
Android Developer,F-Secure,"Helsinki, Finland",https://stackoverflow.com/jobs/552308
Experienced Front-end Developer,F-Secure,"Helsinki, Finland",https://stackoverflow.com/jobs/552301
Sr. Software Engineer - Managed Intelligence,Flashpoint,No office location,https://stackoverflow.com/jobs/555311
iOS Developers,F-Secure,"Helsinki, Finland",https://stackoverflow.com/jobs/552307
Penetration Tester - Cyber Security,F-Secure,"London, UK",https://stackoverflow.com/jobs/554863
Senior Data Scientist / Data Engineer,F-Secure,"Poznań, Poland",https://stackoverflow.com/jobs/538605
Full-Stack Software Engineer,Marks & Spencer,"London, UK",https://stackoverflow.com/jobs/530982
iOS Developer,Marks & Spencer,"London, UK",https://stackoverflow.com/jobs/530984
Android Developer,Marks & Spencer,"London, UK",https://stackoverflow.com/jobs/530799
Technical Lead - Data Event Platform,Marks & Spencer,"London, UK",https://stackoverflow.com/jobs/530983
